iron_acquisition-heme_oxygenase__HemO_Heme_oxygenase_Neisseria_Meningitidis_PDB_1p3t	iron_acquisition-heme_oxygenase__HemO_Heme_oxygenase_Neisseria_Meningitidis_PDB_1p3t
iron_acquisition-heme_oxygenase__HmoB_Heme_oxygenase_Bacillus_subtilis_subsp_spizizenii_str_W23_pdb_4fvc	iron_acquisition-heme_oxygenase__HmoB_Heme_oxygenase_Bacillus_subtilis_subsp_spizizenii_str_W23_pdb_4fvc
iron_acquisition-heme_oxygenase__HugZ-ChuZ-heme_oxygenase-rep	iron_acquisition-heme_oxygenase__HugZ-ChuZ-heme_oxygenase-rep
iron_acquisition-heme_oxygenase__HupZ_Heme_binding_Group_A_Streptococcus_pdb_5esc	iron_acquisition-heme_oxygenase__HupZ_Heme_binding_Group_A_Streptococcus_pdb_5esc
iron_acquisition-heme_oxygenase__Isd-LmHde_Heme_oxygenase_Listeria_monocytogenes_pdb_4kia	iron_acquisition-heme_oxygenase__Isd-LmHde_Heme_oxygenase_Listeria_monocytogenes_pdb_4kia
iron_acquisition-heme_oxygenase__IsdG-heme-oxygenase_fam1-rep	iron_acquisition-heme_oxygenase__IsdG-heme-oxygenase_fam1-rep
iron_acquisition-heme_oxygenase__IsdG-heme-oxygenase_fam1-rep	iron_acquisition-heme_oxygenase__IsdG-heme-oxygenase_fam2-rep
iron_acquisition-heme_oxygenase__MhuD_Heme_oxygenase_Mycobacterium_tuberculosis_pdb_4nl5	iron_acquisition-heme_oxygenase__MhuD_Heme_oxygenase_Mycobacterium_tuberculosis_pdb_4nl5
iron_acquisition-heme_oxygenase__PF01126-HmuO_Heme_oxygenase	iron_acquisition-heme_oxygenase__PF01126-HmuO_Heme_oxygenase
iron_acquisition-heme_oxygenase__PF05171-HemS-PhuS-ChuS	iron_acquisition-heme_oxygenase__PF05171-HemS-PhuS-ChuS
iron_acquisition-heme_oxygenase__PF06228_ChuX_HutX	iron_acquisition-heme_oxygenase__PF06228_ChuX_HutX
iron_acquisition-heme_oxygenase__PigA_Heme_oxygenase_Pseudomonas_aeruginosa_PDB_1sk7	iron_acquisition-heme_oxygenase__PigA_Heme_oxygenase_Pseudomonas_aeruginosa_PDB_1sk7
iron_acquisition-heme_transport__Heme_HasD_ABC_protein_Pseudomonas_fluorescens_BAA88492.1	iron_acquisition-heme_transport__Heme_HasD_ABC_protein_Pseudomonas_fluorescens_BAA88492.1
iron_acquisition-heme_transport__Heme_HasE_membrane_fusion_protein_Pseudomonas_fluorescens_BAA88493.1	iron_acquisition-heme_transport__Heme_HasE_membrane_fusion_protein_Pseudomonas_fluorescens_BAA88493.1
iron_acquisition-heme_transport__Heme_HasF_outer_membrane_protein_Pseudomonas_fluorescens_BAA88494.1	iron_acquisition-heme_transport__Heme_HasF_outer_membrane_protein_Pseudomonas_fluorescens_BAA88494.1
iron_acquisition-heme_transport__HmuV-HatC-ViuC-Hemin_ABC_transporter_ATPase-rep	iron_acquisition-heme_transport__HmuV-HatC-ViuC-Hemin_ABC_transporter_ATPase-rep
iron_acquisition-heme_transport__HutZ-heme_storage-rep	iron_acquisition-heme_transport__HutZ-heme_storage-rep
iron_acquisition-heme_transport__HxuA	iron_acquisition-heme_transport__HxuA
iron_acquisition-heme_transport__HxuB	iron_acquisition-heme_transport__HxuB
iron_acquisition-heme_transport__PF04187-Haem_binding_uptake-Tiki_superfamily-ChaN	iron_acquisition-heme_transport__PF04187-Haem_binding_uptake-Tiki_superfamily-ChaN
iron_acquisition-heme_transport__PF05031-NEAT	iron_acquisition-heme_transport__PF05031-NEAT
iron_acquisition-heme_transport__PF06438-Heme_binding_protein_A-HasA_HmuR	iron_acquisition-heme_transport__PF06438-Heme_binding_protein_A-HasA_HmuR
iron_acquisition-heme_transport__PF14064-HmuY_heme_binding	iron_acquisition-heme_transport__PF14064-HmuY_heme_binding
iron_acquisition-iron_transport__EfeB	iron_acquisition-iron_transport__EfeB
iron_acquisition-iron_transport__EfeO-Iron_uptake	iron_acquisition-iron_transport__EfeO-Iron_uptake
iron_acquisition-iron_transport__FbpA-iron_binding_and_transport-rep	iron_acquisition-iron_transport__FbpA-iron_binding_and_transport-rep
iron_acquisition-iron_transport__FbpB-FutB-iron_permease_fam1-rep	iron_acquisition-iron_transport__FbpB-FutB-iron_permease_fam1-rep
iron_acquisition-iron_transport__FbpC-iron_uptake_ATPase-rep	iron_acquisition-iron_transport__FbpC-iron_uptake_ATPase-rep
iron_acquisition-iron_transport__FeoE	iron_acquisition-iron_transport__FeoE
iron_acquisition-iron_transport__FutA2-iron_ABC_transporter_iron-binding-rep	iron_acquisition-iron_transport__FutA2-iron_ABC_transporter_iron-binding-rep
iron_acquisition-iron_transport__FutA2-iron_ABC_transporter_iron-binding-rep	iron_acquisition-iron_transport__FutA1-iron_ABC_transporter_iron-binding-rep
iron_acquisition-iron_transport__FutC-iron_ABC_transporter_ATPase-rep	iron_acquisition-iron_transport__FutC-iron_ABC_transporter_ATPase-rep
iron_acquisition-iron_transport__Iron_uptake_YfeA_Periplasmic_chelated_iron-binding_protein_Q56952_Yersinia_pestis_180610	iron_acquisition-iron_transport__Iron_uptake_YfeA_Periplasmic_chelated_iron-binding_protein_Q56952_Yersinia_pestis_180610
iron_acquisition-iron_transport__Iron_uptake_YfeA_Periplasmic_chelated_iron-binding_protein_Q56952_Yersinia_pestis_180610	iron_acquisition-siderophore_synthesis__K11604
iron_acquisition-iron_transport__Iron_uptake_YfeA_Periplasmic_chelated_iron-binding_protein_Q56952_Yersinia_pestis_180610	iron_resistance__Fe_binding_yfeA_1
iron_acquisition-iron_transport__NF041018	iron_acquisition-iron_transport__NF041018
iron_acquisition-iron_transport__NF041019	iron_acquisition-iron_transport__NF041019
iron_acquisition-iron_transport__NF041020	iron_acquisition-iron_transport__NF041020
iron_acquisition-iron_transport__PF02421-FeoB_N	iron_acquisition-iron_transport__PF02421-FeoB_N
iron_acquisition-iron_transport__PF03239-Iron_permease_FTR1_EfeU_Fip1_family	iron_acquisition-iron_transport__PF03239-Iron_permease_FTR1_EfeU_Fip1_family
iron_acquisition-iron_transport__PF04023-FeoA	iron_acquisition-iron_transport__PF04023-FeoA
iron_acquisition-iron_transport__PF07664-FeoB_C	iron_acquisition-iron_transport__PF07664-FeoB_C
iron_acquisition-iron_transport__PF07670-FeoB_gate_nucleoside_recognition	iron_acquisition-iron_transport__PF07670-FeoB_gate_nucleoside_recognition
iron_acquisition-iron_transport__PF07670_sub-FeoB_gate	iron_acquisition-iron_transport__PF07670_sub-FeoB_gate
iron_acquisition-iron_transport__nramp	iron_acquisition-iron_transport__nramp
iron_acquisition-iron_transport__zip	iron_acquisition-iron_transport__zip
iron_acquisition-siderophore_synthesis__All_seq_Fusarinine	iron_acquisition-siderophore_synthesis__All_seq_Fusarinine
iron_acquisition-siderophore_synthesis__All_seq_putSID2	iron_acquisition-siderophore_synthesis__All_seq_putSID2
iron_acquisition-siderophore_synthesis__AsbE_petrobactin_synthesis-rep	iron_acquisition-siderophore_synthesis__AsbE_petrobactin_synthesis-rep
iron_acquisition-siderophore_synthesis__DhbA-VibA-VabA-EntA	iron_acquisition-siderophore_synthesis__DhbA-VibA-VabA-EntA
iron_acquisition-siderophore_synthesis__DhbB-EntB-VenB-VibB-VabB	iron_acquisition-siderophore_synthesis__DhbB-EntB-VenB-VibB-VabB
iron_acquisition-siderophore_synthesis__DhbC-VibC-VabC	iron_acquisition-siderophore_synthesis__DhbC-VibC-VabC
iron_acquisition-siderophore_synthesis__DhbE-PchD-VibE-VabE-EntE-IroD-PvdQ-MbtA	iron_acquisition-siderophore_synthesis__DhbE-PchD-VibE-VabE-EntE-IroD-PvdQ-MbtA
iron_acquisition-siderophore_synthesis__DhbE-PchD-VibE-VabE-EntE-IroD-PvdQ-MbtA	iron_acquisition-siderophore_transport__K02363
iron_acquisition-siderophore_synthesis__DhbF-PvdDIJL-VabF	iron_acquisition-siderophore_synthesis__DhbF-PvdDIJL-VabF
iron_acquisition-siderophore_synthesis__DhbF-PvdDIJL-VabF	iron_acquisition-siderophore_transport__K04780
iron_acquisition-siderophore_synthesis__Fer3_USTMA_V2	iron_acquisition-siderophore_synthesis__Fer3_USTMA_V2
iron_acquisition-siderophore_synthesis__IroD-VabH-enterochelin_esterase-rep	iron_acquisition-siderophore_synthesis__IroD-VabH-enterochelin_esterase-rep
iron_acquisition-siderophore_synthesis__K00216	iron_acquisition-siderophore_synthesis__K00216
iron_acquisition-siderophore_synthesis__K00824	iron_acquisition-siderophore_synthesis__K00824
iron_acquisition-siderophore_synthesis__K01582	iron_acquisition-siderophore_synthesis__K01582
iron_acquisition-siderophore_synthesis__K01780	iron_acquisition-siderophore_synthesis__K01780
iron_acquisition-siderophore_synthesis__K01851	iron_acquisition-siderophore_synthesis__K01851
iron_acquisition-siderophore_synthesis__K01909	iron_acquisition-siderophore_synthesis__K01909
iron_acquisition-siderophore_synthesis__K04759	iron_acquisition-siderophore_synthesis__K04759
iron_acquisition-siderophore_synthesis__K04788	iron_acquisition-siderophore_synthesis__K04788
iron_acquisition-siderophore_synthesis__K04789	iron_acquisition-siderophore_synthesis__K04789
iron_acquisition-siderophore_synthesis__K04790	iron_acquisition-siderophore_synthesis__K04790
iron_acquisition-siderophore_synthesis__K04790	iron_acquisition-siderophore_synthesis__Sid_MbtC_Mycobactin_biosynthesis_Mycobacterium_tuberculosis_NP_216898.1.txt-nr
iron_acquisition-siderophore_synthesis__K04791	iron_acquisition-siderophore_synthesis__K04791
iron_acquisition-siderophore_synthesis__K04792	iron_acquisition-siderophore_synthesis__K04792
iron_acquisition-siderophore_synthesis__K05375	iron_acquisition-siderophore_synthesis__K05375
iron_acquisition-siderophore_synthesis__K07116	iron_acquisition-siderophore_synthesis__K07116
iron_acquisition-siderophore_synthesis__K07224	iron_acquisition-siderophore_synthesis__K07224
iron_acquisition-siderophore_synthesis__K07230	iron_acquisition-siderophore_synthesis__K07230
iron_acquisition-siderophore_synthesis__K10531	iron_acquisition-siderophore_synthesis__K10531
iron_acquisition-siderophore_synthesis__K12237	iron_acquisition-siderophore_synthesis__K12237
iron_acquisition-siderophore_synthesis__K12238	iron_acquisition-siderophore_synthesis__K12238
iron_acquisition-siderophore_synthesis__K12239	iron_acquisition-siderophore_synthesis__K12239
iron_acquisition-siderophore_synthesis__K12240	iron_acquisition-siderophore_synthesis__K12240
iron_acquisition-siderophore_synthesis__K12241	iron_acquisition-siderophore_synthesis__K12241
iron_acquisition-siderophore_synthesis__K12346	iron_acquisition-siderophore_synthesis__K12346
iron_acquisition-siderophore_synthesis__K13745	iron_acquisition-siderophore_synthesis__K13745
iron_acquisition-siderophore_synthesis__K14759	iron_acquisition-siderophore_synthesis__K14759
iron_acquisition-siderophore_synthesis__K15584	iron_acquisition-siderophore_synthesis__K15584
iron_acquisition-siderophore_synthesis__K15652	iron_acquisition-siderophore_synthesis__K15652
iron_acquisition-siderophore_synthesis__K15653	iron_acquisition-siderophore_synthesis__K15653
iron_acquisition-siderophore_synthesis__K15681	iron_acquisition-siderophore_synthesis__K15681
iron_acquisition-siderophore_synthesis__K15721	iron_acquisition-siderophore_synthesis__K15721
iron_acquisition-siderophore_synthesis__K16088	iron_acquisition-siderophore_synthesis__K16088
iron_acquisition-siderophore_synthesis__K16089	iron_acquisition-siderophore_synthesis__K16089
iron_acquisition-siderophore_synthesis__K16090	iron_acquisition-siderophore_synthesis__K16090
iron_acquisition-siderophore_synthesis__K16091	iron_acquisition-siderophore_synthesis__K16091
iron_acquisition-siderophore_synthesis__K19611	iron_acquisition-siderophore_synthesis__K19611
iron_acquisition-siderophore_synthesis__K19791	iron_acquisition-siderophore_synthesis__K19791
iron_acquisition-siderophore_synthesis__K19792	iron_acquisition-siderophore_synthesis__K19792
iron_acquisition-siderophore_synthesis__K21721	iron_acquisition-siderophore_synthesis__K21721
iron_acquisition-siderophore_synthesis__K21949	iron_acquisition-siderophore_synthesis__K21949
iron_acquisition-siderophore_synthesis__K21992	iron_acquisition-siderophore_synthesis__K21992
iron_acquisition-siderophore_synthesis__K22148	iron_acquisition-siderophore_synthesis__K22148
iron_acquisition-siderophore_synthesis__K22149	iron_acquisition-siderophore_synthesis__K22149
iron_acquisition-siderophore_synthesis__K22150	iron_acquisition-siderophore_synthesis__K22150
iron_acquisition-siderophore_synthesis__K22151	iron_acquisition-siderophore_synthesis__K22151
iron_acquisition-siderophore_synthesis__K22152	iron_acquisition-siderophore_synthesis__K22152
iron_acquisition-siderophore_synthesis__K22153	iron_acquisition-siderophore_synthesis__K22153
iron_acquisition-siderophore_synthesis__K23120	iron_acquisition-siderophore_synthesis__K23120
iron_acquisition-siderophore_synthesis__K23122	iron_acquisition-siderophore_synthesis__K23122
iron_acquisition-siderophore_synthesis__K23185	iron_acquisition-siderophore_synthesis__K23185
iron_acquisition-siderophore_synthesis__K23227	iron_acquisition-siderophore_synthesis__K23227
iron_acquisition-siderophore_synthesis__K23371	iron_acquisition-siderophore_synthesis__K23371
iron_acquisition-siderophore_synthesis__K23372	iron_acquisition-siderophore_synthesis__K23372
iron_acquisition-siderophore_synthesis__K23373	iron_acquisition-siderophore_synthesis__K23373
iron_acquisition-siderophore_synthesis__K23374	iron_acquisition-siderophore_synthesis__K23374
iron_acquisition-siderophore_synthesis__K23375	iron_acquisition-siderophore_synthesis__K23375
iron_acquisition-siderophore_synthesis__K23376	iron_acquisition-siderophore_synthesis__K23376
iron_acquisition-siderophore_synthesis__K23446	iron_acquisition-siderophore_synthesis__K23446
iron_acquisition-siderophore_synthesis__K23447	iron_acquisition-siderophore_synthesis__K23447
iron_acquisition-siderophore_synthesis__K23725	iron_acquisition-siderophore_synthesis__K23725
iron_acquisition-siderophore_synthesis__K24101	iron_acquisition-siderophore_synthesis__K24101
iron_acquisition-siderophore_synthesis__K24108	iron_acquisition-siderophore_synthesis__K24108
iron_acquisition-siderophore_synthesis__K24109	iron_acquisition-siderophore_synthesis__K24109
iron_acquisition-siderophore_synthesis__K24110	iron_acquisition-siderophore_synthesis__K24110
iron_acquisition-siderophore_synthesis__K24111	iron_acquisition-siderophore_synthesis__K24111
iron_acquisition-siderophore_synthesis__K24111	iron_acquisition-siderophore_synthesis__Sid_AsbD_Petrobactin_biosynthesis_Bacillus_anthracis_Q81RQ6_180623
iron_acquisition-siderophore_synthesis__K24112	iron_acquisition-siderophore_synthesis__K24112
iron_acquisition-siderophore_synthesis__K25109	iron_acquisition-siderophore_synthesis__K25109
iron_acquisition-siderophore_synthesis__K25113	iron_acquisition-siderophore_synthesis__K25113
iron_acquisition-siderophore_synthesis__K25282	iron_acquisition-siderophore_synthesis__K25282
iron_acquisition-siderophore_synthesis__K25286	iron_acquisition-siderophore_synthesis__K25286
iron_acquisition-siderophore_synthesis__K25287	iron_acquisition-siderophore_synthesis__K25287
iron_acquisition-siderophore_synthesis__K25308	iron_acquisition-siderophore_synthesis__K25308
iron_acquisition-siderophore_synthesis__NF037942	iron_acquisition-siderophore_synthesis__NF037942
iron_acquisition-siderophore_synthesis__PF04183-IucA_IucC-rhbCF-AcsD-PvsD	iron_acquisition-siderophore_synthesis__PF04183-IucA_IucC-rhbCF-AcsD-PvsD
iron_acquisition-siderophore_synthesis__PF16525	iron_acquisition-siderophore_synthesis__PF16525
iron_acquisition-siderophore_synthesis__PRK10003.1	iron_acquisition-siderophore_synthesis__PRK10003.1
iron_acquisition-siderophore_synthesis__Put_copfam2_VF_corr	iron_acquisition-siderophore_synthesis__Put_copfam2_VF_corr
iron_acquisition-siderophore_synthesis__Put_copfam3_VF_corr	iron_acquisition-siderophore_synthesis__Put_copfam3_VF_corr
iron_acquisition-siderophore_synthesis__Put_copfam4_VF_corr	iron_acquisition-siderophore_synthesis__Put_copfam4_VF_corr
iron_acquisition-siderophore_synthesis__Put_rhizoferrin_VF_corr	iron_acquisition-siderophore_synthesis__Put_rhizoferrin_VF_corr
iron_acquisition-siderophore_synthesis__PvdDIJL-VabF-VibF-EntF-DhbF-MbtB-PchE	iron_acquisition-siderophore_synthesis__PvdDIJL-VabF-VibF-EntF-DhbF-MbtB-PchE
iron_acquisition-siderophore_synthesis__PvdDIJL-VabF-VibF-EntF-DhbF-MbtBEF-PchE-AngR-PchF	iron_acquisition-siderophore_synthesis__PvdDIJL-VabF-VibF-EntF-DhbF-MbtBEF-PchE-AngR-PchF
iron_acquisition-siderophore_synthesis__PvdQ_pyoverdine_biosynthesis-rep	iron_acquisition-siderophore_synthesis__PvdQ_pyoverdine_biosynthesis-rep
iron_acquisition-siderophore_synthesis__PvsA_vibrioferrin_biosynthesis-rep	iron_acquisition-siderophore_synthesis__PvsA_vibrioferrin_biosynthesis-rep
iron_acquisition-siderophore_synthesis__PvsB-AcsD-IucA-IucC-RhbCF-PvsD	iron_acquisition-siderophore_synthesis__PvsB-AcsD-IucA-IucC-RhbCF-PvsD
iron_acquisition-siderophore_synthesis__PvsC_vibrioferrin_biosynthesis-rep	iron_acquisition-siderophore_synthesis__PvsC_vibrioferrin_biosynthesis-rep
iron_acquisition-siderophore_synthesis__PvsD-AcsD-IucA-IucC-RhbCF-PvsB	iron_acquisition-siderophore_synthesis__PvsD-AcsD-IucA-IucC-RhbCF-PvsB
iron_acquisition-siderophore_synthesis__PvsE-AcsE_vibrioferrin_biosynthesis-rep	iron_acquisition-siderophore_synthesis__PvsE-AcsE_vibrioferrin_biosynthesis-rep
iron_acquisition-siderophore_synthesis__Q52US9_FSO1_V2	iron_acquisition-siderophore_synthesis__Q52US9_FSO1_V2
iron_acquisition-siderophore_synthesis__Sid_AcsB_Achromobactin_siderophore_synthesis_Dickeya_chrysanthemi_AAL14564.1.txt-nr	iron_acquisition-siderophore_synthesis__Sid_AcsB_Achromobactin_siderophore_synthesis_Dickeya_chrysanthemi_AAL14564.1.txt-nr
iron_acquisition-siderophore_synthesis__Sid_AcsF_Achromobactin_siderophore_synthesis_Pseudomonas_syringae_EPF66771.1.txt-nr	iron_acquisition-siderophore_synthesis__Sid_AcsF_Achromobactin_siderophore_synthesis_Pseudomonas_syringae_EPF66771.1.txt-nr
iron_acquisition-siderophore_synthesis__Sid_AsbC_Petrobactin_biosynthesis_Bacillus_anthracis_Q81RQ7_180623	iron_acquisition-siderophore_synthesis__Sid_AsbC_Petrobactin_biosynthesis_Bacillus_anthracis_Q81RQ7_180623
iron_acquisition-siderophore_synthesis__Sid_AsbF_Petrobactin_biosynthesis_Bacillus_anthracis_Q81RQ4_180606	iron_acquisition-siderophore_synthesis__Sid_AsbF_Petrobactin_biosynthesis_Bacillus_anthracis_Q81RQ4_180606
iron_acquisition-siderophore_synthesis__Sid_BesA_Bacillibactin_hydrolyze_Bsubtilis_YP_003867459.1_180603	iron_acquisition-siderophore_synthesis__Sid_BesA_Bacillibactin_hydrolyze_Bsubtilis_YP_003867459.1_180603
iron_acquisition-siderophore_synthesis__Sid_EntD_enterobactin_synthesis_Ecoli	iron_acquisition-siderophore_synthesis__Sid_EntD_enterobactin_synthesis_Ecoli
iron_acquisition-siderophore_synthesis__Sid_IucB_Escherichia_coli_Q47317	iron_acquisition-siderophore_synthesis__Sid_IucB_Escherichia_coli_Q47317
iron_acquisition-siderophore_synthesis__Sid_IucD_Escherichia_coli_P11295	iron_acquisition-siderophore_synthesis__Sid_IucD_Escherichia_coli_P11295
iron_acquisition-siderophore_synthesis__Sid_MbtD_Mycobactin_biosynthesis_Mycobacterium_tuberculosis_NP_216897.1.txt-nr	iron_acquisition-siderophore_synthesis__Sid_MbtD_Mycobactin_biosynthesis_Mycobacterium_tuberculosis_NP_216897.1.txt-nr
iron_acquisition-siderophore_synthesis__Sid_MbtG_Mycobactin_biosynthesis_Mycobacterium_tuberculosis_NP_216894.1.txt-nr	iron_acquisition-siderophore_synthesis__Sid_MbtG_Mycobactin_biosynthesis_Mycobacterium_tuberculosis_NP_216894.1.txt-nr
iron_acquisition-siderophore_synthesis__Sid_MbtH_Mycobactin_biosynthesis_Mycobacterium_tuberculosis_NP_216893.1.txt-nr	iron_acquisition-siderophore_synthesis__Sid_MbtH_Mycobactin_biosynthesis_Mycobacterium_tuberculosis_NP_216893.1.txt-nr
iron_acquisition-siderophore_synthesis__Sid_MbtI_Mycobactin_biosynthesis_Mycobacterium_tuberculosis_NC_000962.3.txt-nr	iron_acquisition-siderophore_synthesis__Sid_MbtI_Mycobactin_biosynthesis_Mycobacterium_tuberculosis_NC_000962.3.txt-nr
iron_acquisition-siderophore_synthesis__Sid_MbtJ_Mycobactin_biosynthesis_Mycobacterium_tuberculosis_YP_177876.1.txt-nr	iron_acquisition-siderophore_synthesis__Sid_MbtJ_Mycobactin_biosynthesis_Mycobacterium_tuberculosis_YP_177876.1.txt-nr
iron_acquisition-siderophore_synthesis__Sid_PchB_pyochelin_biosynthesis_Pseudomonas_aeruginosa_Q51507	iron_acquisition-siderophore_synthesis__Sid_PchB_pyochelin_biosynthesis_Pseudomonas_aeruginosa_Q51507
iron_acquisition-siderophore_synthesis__Sid_PchC_pyochelin_biosynthesis_Pseudomonas_aeruginosa_PA4229	iron_acquisition-siderophore_synthesis__Sid_PchC_pyochelin_biosynthesis_Pseudomonas_aeruginosa_PA4229
iron_acquisition-siderophore_synthesis__Sid_PchG_pyochelin_biosynthesis_Pseudomonas_aeruginosa_PA4224_180623	iron_acquisition-siderophore_synthesis__Sid_PchG_pyochelin_biosynthesis_Pseudomonas_aeruginosa_PA4224_180623
iron_acquisition-siderophore_synthesis__Sid_PchH_pyochelin_biosynthesis_Pseudomonas_aeruginosa_PA4223_180623	iron_acquisition-siderophore_synthesis__Sid_PchH_pyochelin_biosynthesis_Pseudomonas_aeruginosa_PA4223_180623
iron_acquisition-siderophore_synthesis__Sid_PchI_pyochelin_biosynthesis_Pseudomonas_aeruginosa_PA4222_180623	iron_acquisition-siderophore_synthesis__Sid_PchI_pyochelin_biosynthesis_Pseudomonas_aeruginosa_PA4222_180623
iron_acquisition-siderophore_synthesis__Sid_PvdA_Pyoverdine_biosynthesis	iron_acquisition-siderophore_synthesis__Sid_PvdA_Pyoverdine_biosynthesis
iron_acquisition-siderophore_synthesis__Sid_PvdE_Pyoverdine_biosynthesis_Paeruginosa_PA2397_180623	iron_acquisition-siderophore_synthesis__Sid_PvdE_Pyoverdine_biosynthesis_Paeruginosa_PA2397_180623
iron_acquisition-siderophore_synthesis__Sid_PvdF_Pyoverdine_biosynthesis_Paeruginosa_PA2396_180623	iron_acquisition-siderophore_synthesis__Sid_PvdF_Pyoverdine_biosynthesis_Paeruginosa_PA2396_180623
iron_acquisition-siderophore_synthesis__Sid_PvdH_Pyoverdine_biosynthesis_Pseudomonas_aeruginosa_PA2413_180623	iron_acquisition-siderophore_synthesis__Sid_PvdH_Pyoverdine_biosynthesis_Pseudomonas_aeruginosa_PA2413_180623
iron_acquisition-siderophore_synthesis__Sid_PvdM_Pyoverdine_biosynthesis_Pseudomonas_fluorescens_PSF113_1846_180623	iron_acquisition-siderophore_synthesis__Sid_PvdM_Pyoverdine_biosynthesis_Pseudomonas_fluorescens_PSF113_1846_180623
iron_acquisition-siderophore_synthesis__Sid_PvdN_Pyoverdine_biosynthesis_Paeruginosa_PA2394_180623	iron_acquisition-siderophore_synthesis__Sid_PvdN_Pyoverdine_biosynthesis_Paeruginosa_PA2394_180623
iron_acquisition-siderophore_synthesis__Sid_PvdO_Pyoverdine_biosynthesis_Paeruginosa_PA2395_180623	iron_acquisition-siderophore_synthesis__Sid_PvdO_Pyoverdine_biosynthesis_Paeruginosa_PA2395_180623
iron_acquisition-siderophore_synthesis__Sid_PvdP_Pyoverdine_biosynthesis_Paeruginosa_PA2392_180623	iron_acquisition-siderophore_synthesis__Sid_PvdP_Pyoverdine_biosynthesis_Paeruginosa_PA2392_180623
iron_acquisition-siderophore_synthesis__Sid_RhbA_Rhizobactin_biosynthesis_Rhizobium_meliloti_Q9Z3R2	iron_acquisition-siderophore_synthesis__Sid_RhbA_Rhizobactin_biosynthesis_Rhizobium_meliloti_Q9Z3R2
iron_acquisition-siderophore_synthesis__Sid_RhbB_Rhizobactin_biosynthesis_Rhizobium_meliloti_Q9Z3R1	iron_acquisition-siderophore_synthesis__Sid_RhbB_Rhizobactin_biosynthesis_Rhizobium_meliloti_Q9Z3R1
iron_acquisition-siderophore_synthesis__Sid_RhbD_Rhizobactin_biosynthesis_Rhizobium_meliloti_Q9Z3Q9	iron_acquisition-siderophore_synthesis__Sid_RhbD_Rhizobactin_biosynthesis_Rhizobium_meliloti_Q9Z3Q9
iron_acquisition-siderophore_synthesis__Sid_RhbE_Rhizobactin_siderophore_biosynthesis_Rhizobium_meliloti_Q9Z3Q8.txt-nr	iron_acquisition-siderophore_synthesis__Sid_RhbE_Rhizobactin_siderophore_biosynthesis_Rhizobium_meliloti_Q9Z3Q8.txt-nr
iron_acquisition-siderophore_synthesis__Sid_VabD_Vanchrobactin_Biosynthesis_Vibrio_anguillarum_AAW66006.2_180623	iron_acquisition-siderophore_synthesis__Sid_VabD_Vanchrobactin_Biosynthesis_Vibrio_anguillarum_AAW66006.2_180623
iron_acquisition-siderophore_synthesis__Sid_VibD_Vibriobactin_siderophore_biosynthesis_Vibrio_cholerae_AAD48884.1.txt-nr	iron_acquisition-siderophore_synthesis__Sid_VibD_Vibriobactin_siderophore_biosynthesis_Vibrio_cholerae_AAD48884.1.txt-nr
iron_acquisition-siderophore_synthesis__Sid_VibH_Vanchrobactin_Biosynthesis_Vibrio_cholerae_AAG00565.1_180623	iron_acquisition-siderophore_synthesis__Sid_VibH_Vanchrobactin_Biosynthesis_Vibrio_cholerae_AAG00565.1_180623
iron_acquisition-siderophore_synthesis__VabA-DhbA-EntA-VibA	iron_acquisition-siderophore_synthesis__VabA-DhbA-EntA-VibA
iron_acquisition-siderophore_synthesis__VabB-EntB-DhbB-VenB-VibB	iron_acquisition-siderophore_synthesis__VabB-EntB-DhbB-VenB-VibB
iron_acquisition-siderophore_synthesis__VabC-DhbC-VibC-EntC-AmoA-PchA	iron_acquisition-siderophore_synthesis__VabC-DhbC-VibC-EntC-AmoA-PchA
iron_acquisition-siderophore_synthesis__VabF_Vanchrobactin_biosynthesis-rep	iron_acquisition-siderophore_synthesis__VabF_Vanchrobactin_biosynthesis-rep
iron_acquisition-siderophore_synthesis__VabG_Vanchrobactin_biosynthesis-rep	iron_acquisition-siderophore_synthesis__VabG_Vanchrobactin_biosynthesis-rep
iron_acquisition-siderophore_synthesis__put_4WR82_SIDC_VF	iron_acquisition-siderophore_synthesis__put_4WR82_SIDC_VF
iron_acquisition-siderophore_synthesis__put_B4EUG7_VF	iron_acquisition-siderophore_synthesis__put_B4EUG7_VF
iron_acquisition-siderophore_synthesis__put_B4EUH0_VF	iron_acquisition-siderophore_synthesis__put_B4EUH0_VF
iron_acquisition-siderophore_synthesis__put_B4EUH1_V2	iron_acquisition-siderophore_synthesis__put_B4EUH1_V2
iron_acquisition-siderophore_synthesis__put_B4EUH2_VF	iron_acquisition-siderophore_synthesis__put_B4EUH2_VF
iron_acquisition-siderophore_synthesis__put_B4EUH5_V4	iron_acquisition-siderophore_synthesis__put_B4EUH5_V4
iron_acquisition-siderophore_synthesis__put_CRL25140_VF	iron_acquisition-siderophore_synthesis__put_CRL25140_VF
iron_acquisition-siderophore_synthesis__put_D4AU56_V3_corr	iron_acquisition-siderophore_synthesis__put_D4AU56_V3_corr
iron_acquisition-siderophore_synthesis__put_Ferrirhodin_VF	iron_acquisition-siderophore_synthesis__put_Ferrirhodin_VF
iron_acquisition-siderophore_synthesis__put_FitA_VF	iron_acquisition-siderophore_synthesis__put_FitA_VF
iron_acquisition-siderophore_synthesis__put_I1RN14_NRPS2_VF	iron_acquisition-siderophore_synthesis__put_I1RN14_NRPS2_VF
iron_acquisition-siderophore_synthesis__put_NRPS1_VF_corr	iron_acquisition-siderophore_synthesis__put_NRPS1_VF_corr
iron_acquisition-siderophore_synthesis__put_Q5D6D7_NRPS2_VF	iron_acquisition-siderophore_synthesis__put_Q5D6D7_NRPS2_VF
iron_acquisition-siderophore_synthesis__put_Q6CSN0_VF	iron_acquisition-siderophore_synthesis__put_Q6CSN0_VF
iron_acquisition-siderophore_synthesis__put_SidA1_V1	iron_acquisition-siderophore_synthesis__put_SidA1_V1
iron_acquisition-siderophore_synthesis__put_WP_010220689_VF	iron_acquisition-siderophore_synthesis__put_WP_010220689_VF
iron_acquisition-siderophore_synthesis__put_WP_010220690_VF	iron_acquisition-siderophore_synthesis__put_WP_010220690_VF
iron_acquisition-siderophore_synthesis__put_WP_010220691_VF	iron_acquisition-siderophore_synthesis__put_WP_010220691_VF
iron_acquisition-siderophore_synthesis__put_rumB_VF	iron_acquisition-siderophore_synthesis__put_rumB_VF
iron_acquisition-siderophore_transport__FecB-PvuB-vibrioferrin_transport	iron_acquisition-siderophore_transport__FecB-PvuB-vibrioferrin_transport
iron_acquisition-siderophore_transport__FecB-PvuB-vibrioferrin_transport	iron_acquisition-siderophore_synthesis__K23181
iron_acquisition-siderophore_transport__FeuB-FhuB-PvuC-CbrB-PvuD-FeuC-CbrC	iron_acquisition-siderophore_transport__FeuB-FhuB-PvuC-CbrB-PvuD-FeuC-CbrC
iron_acquisition-siderophore_transport__FhuB-FeuB-CbrB-PvuC-iron_ABC_transporter_periplasmic	iron_acquisition-siderophore_transport__FhuB-FeuB-CbrB-PvuC-iron_ABC_transporter_periplasmic
iron_acquisition-siderophore_transport__FpuCD-YusV-CbrD-FepC-FepE-PvuE-ABC_transporters_ATPase	iron_acquisition-siderophore_transport__FpuCD-YusV-CbrD-FepC-FepE-PvuE-ABC_transporters_ATPase
iron_acquisition-siderophore_transport__FpuCD-YusV-CbrD-FepC-FepE-PvuE-ABC_transporters_ATPase	iron_acquisition-siderophore_transport__FpuC-FhuC-FpuD-YusV-CbrD-FepC-PvuE-FecE-HatC-ATPase
iron_acquisition-siderophore_transport__FpuD-CbrD-FepC-FhuC-PvuDE-FecE-SstC-ViuC-Siderophore_ABC_transport	iron_acquisition-siderophore_transport__FpuD-CbrD-FepC-FhuC-PvuDE-FecE-SstC-ViuC-Siderophore_ABC_transport
iron_acquisition-siderophore_transport__FpvK-sid_Pyoverdine_uptake-rep	iron_acquisition-siderophore_transport__FpvK-sid_Pyoverdine_uptake-rep
iron_acquisition-siderophore_transport__K02012	iron_acquisition-siderophore_transport__K02012
iron_acquisition-siderophore_transport__K02014	iron_acquisition-siderophore_transport__K02014
iron_acquisition-siderophore_transport__K02016	iron_acquisition-siderophore_transport__K02016
iron_acquisition-siderophore_transport__K02361	iron_acquisition-siderophore_transport__K02361
iron_acquisition-siderophore_transport__K02362	iron_acquisition-siderophore_transport__K02362
iron_acquisition-siderophore_transport__K02364	iron_acquisition-siderophore_transport__K02364
iron_acquisition-siderophore_transport__K03894	iron_acquisition-siderophore_transport__K03894
iron_acquisition-siderophore_transport__K03895	iron_acquisition-siderophore_transport__K03895
iron_acquisition-siderophore_transport__K03896	iron_acquisition-siderophore_transport__K03896
iron_acquisition-siderophore_transport__K03897	iron_acquisition-siderophore_transport__K03897
iron_acquisition-siderophore_transport__K04778	iron_acquisition-siderophore_transport__K04778
iron_acquisition-siderophore_transport__K04781	iron_acquisition-siderophore_transport__K04781
iron_acquisition-siderophore_transport__K04782	iron_acquisition-siderophore_transport__K04782
iron_acquisition-siderophore_transport__K04783	iron_acquisition-siderophore_transport__K04783
iron_acquisition-siderophore_transport__K04784	iron_acquisition-siderophore_transport__K04784
iron_acquisition-siderophore_transport__K04785	iron_acquisition-siderophore_transport__K04785
iron_acquisition-siderophore_transport__K04786	iron_acquisition-siderophore_transport__K04786
iron_acquisition-siderophore_transport__K04787	iron_acquisition-siderophore_transport__K04787
iron_acquisition-siderophore_transport__K07243	iron_acquisition-siderophore_transport__K07243
iron_acquisition-siderophore_transport__K08197	iron_acquisition-siderophore_transport__K08197
iron_acquisition-siderophore_transport__LbtU-LvtA-PiuA-PirA-RhtA-ViuA	iron_acquisition-siderophore_transport__LbtU-LvtA-PiuA-PirA-RhtA-ViuA
iron_acquisition-siderophore_transport__LbtU_LbtB-legiobactin_receptor_2	iron_acquisition-siderophore_transport__LbtU_LbtB-legiobactin_receptor_2
iron_acquisition-siderophore_transport__NF040982	iron_acquisition-siderophore_transport__NF040982
iron_acquisition-siderophore_transport__NF040986	iron_acquisition-siderophore_transport__NF040986
iron_acquisition-siderophore_transport__NF040987	iron_acquisition-siderophore_transport__NF040987
iron_acquisition-siderophore_transport__PF00593-TonB_dependent_receptor-PiuA-PirA-FepA-RhtA	iron_acquisition-siderophore_transport__PF00593-TonB_dependent_receptor-PiuA-PirA-FepA-RhtA
iron_acquisition-siderophore_transport__PF01032-FecCD-YfhA-FpvE-YfeCD_transport_family	iron_acquisition-siderophore_transport__PF01032-FecCD-YfhA-FpvE-YfeCD_transport_family
iron_acquisition-siderophore_transport__PF01497_Peripla_BP_2-HatD-SsstD-PhuT-FhuD-HmuT-YfiY-FpuA-FatB-ViuP-CbrA	iron_acquisition-siderophore_transport__PF01497_Peripla_BP_2-HatD-SsstD-PhuT-FhuD-HmuT-YfiY-FpuA-FatB-ViuP-CbrA
iron_acquisition-siderophore_transport__PF06276-RhbCF-AcsD-IucA-IucC-PvsB-Ferric_iron_reductase_FhuF_like_transporter	iron_acquisition-siderophore_transport__PF06276-RhbCF-AcsD-IucA-IucC-PvsB-Ferric_iron_reductase_FhuF_like_transporter
iron_acquisition-siderophore_transport__PF07715_sub-TonB_dependent_siderophore_receptor_plug-PirA-PiuA-FepA-RhtA-LvtA	iron_acquisition-siderophore_transport__PF07715_sub-TonB_dependent_siderophore_receptor_plug-PirA-PiuA-FepA-RhtA-LvtA
iron_acquisition-siderophore_transport__PirA-siderophore_receptor-rep	iron_acquisition-siderophore_transport__PirA-siderophore_receptor-rep
iron_acquisition-siderophore_transport__PiuA-siderophore_receptor-rep	iron_acquisition-siderophore_transport__PiuA-siderophore_receptor-rep
iron_acquisition-siderophore_transport__PvuB-FecB_vibrioferrin_transport	iron_acquisition-siderophore_transport__PvuB-FecB_vibrioferrin_transport
iron_acquisition-siderophore_transport__PvuCD-FhuB-CbrBC-FeuB-CbrC-YfhA	iron_acquisition-siderophore_transport__PvuCD-FhuB-CbrBC-FeuB-CbrC-YfhA
iron_acquisition-siderophore_transport__PvuCD-FhuB-CbrBC-FeuBC	iron_acquisition-siderophore_transport__PvuCD-FhuB-CbrBC-FeuBC
iron_acquisition-siderophore_transport__PvuE-FecB-vibrioferrin_transport	iron_acquisition-siderophore_transport__PvuE-FecB-vibrioferrin_transport
iron_acquisition-siderophore_transport__PvuE-FecB-vibrioferrin_transport	iron_acquisition-siderophore_transport__FecE-PvuE-FhuC-CbrD-FepC-YusV-FpuD-FpuC-PiuA-PirA-FepA-RhtA
iron_acquisition-siderophore_transport__Sid_EntS_enterobactin_exporter_Ecoli_P24077_180603	iron_acquisition-siderophore_transport__Sid_EntS_enterobactin_exporter_Ecoli_P24077_180603
iron_acquisition-siderophore_transport__Sid_FptB_Ferripyochelin_uptake_Pseudomonas_aeruginosa_PA4220_180623	iron_acquisition-siderophore_transport__Sid_FptB_Ferripyochelin_uptake_Pseudomonas_aeruginosa_PA4220_180623
iron_acquisition-siderophore_transport__Sid_FptC_Ferripyochelin_uptake_Pseudomonas_aeruginosa_PA4219_180623	iron_acquisition-siderophore_transport__Sid_FptC_Ferripyochelin_uptake_Pseudomonas_aeruginosa_PA4219_180623
iron_acquisition-siderophore_transport__Sid_FptX_Ferripyochelin_uptake_Pseudomonas_aeruginosa_PA4218_180623	iron_acquisition-siderophore_transport__Sid_FptX_Ferripyochelin_uptake_Pseudomonas_aeruginosa_PA4218_180623
iron_acquisition-siderophore_transport__Sid_FpvC_metal_ion_transport_PA2407_Paeruginosa_PAO1_180602	iron_acquisition-siderophore_transport__Sid_FpvC_metal_ion_transport_PA2407_Paeruginosa_PAO1_180602
iron_acquisition-siderophore_transport__Sid_FpvD_ATPase_PA2408_Paeruginosa_PAO1_180602	iron_acquisition-siderophore_transport__Sid_FpvD_ATPase_PA2408_Paeruginosa_PAO1_180602
iron_acquisition-siderophore_transport__Sid_FpvF_metal_ion_transport_PA2410_Paeruginosa_PAO1_180602	iron_acquisition-siderophore_transport__Sid_FpvF_metal_ion_transport_PA2410_Paeruginosa_PAO1_180602
iron_acquisition-siderophore_transport__Sid_FpvG_iron_reductase_PA2403_Paeruginosa_PAO1_180602	iron_acquisition-siderophore_transport__Sid_FpvG_iron_reductase_PA2403_Paeruginosa_PAO1_180602
iron_acquisition-siderophore_transport__Sid_FpvJ_PA2405_Paeruginosa_PAO1_180602	iron_acquisition-siderophore_transport__Sid_FpvJ_PA2405_Paeruginosa_PAO1_180602
iron_acquisition-siderophore_transport__Sid_IroB_Shigella_dysenteriae_AAR13266.1_180606	iron_acquisition-siderophore_transport__Sid_IroB_Shigella_dysenteriae_AAR13266.1_180606
iron_acquisition-siderophore_transport__Sid_IroE_Shigella_dysenteriae_AAR13269.1_180606	iron_acquisition-siderophore_transport__Sid_IroE_Shigella_dysenteriae_AAR13269.1_180606
iron_acquisition-siderophore_transport__Sid_LbtC_Legiobactin_PAP2_superfamily_Legionella_oakridgensis_AHE65915.1_180604	iron_acquisition-siderophore_transport__Sid_LbtC_Legiobactin_PAP2_superfamily_Legionella_oakridgensis_AHE65915.1_180604
iron_acquisition-siderophore_transport__Sid_PvdR_Pyoverdine_export_Paeruginosa_PA2389_180623	iron_acquisition-siderophore_transport__Sid_PvdR_Pyoverdine_export_Paeruginosa_PA2389_180623
iron_acquisition-siderophore_transport__Sid_PvdT_Pyoverdine_export_Paeruginosa_PA2390_180623	iron_acquisition-siderophore_transport__Sid_PvdT_Pyoverdine_export_Paeruginosa_PA2390_180623
iron_acquisition-siderophore_transport__Sid_VabS_Vanchrobactin_Export_Vibrio_anguillarum_CAJ45638.1_180623	iron_acquisition-siderophore_transport__Sid_VabS_Vanchrobactin_Export_Vibrio_anguillarum_CAJ45638.1_180623
iron_acquisition-siderophore_transport__Sid_ViuB_Vibriobactin_siderophore_transport_utilization_protein_Vibrio_cholerae_A5F660.txt-nr	iron_acquisition-siderophore_transport__Sid_ViuB_Vibriobactin_siderophore_transport_utilization_protein_Vibrio_cholerae_A5F660.txt-nr
iron_acquisition-siderophore_transport__Sid_YqjH_NADPH-dep_ferric_chelate_reductase_enterobactin_Q46871_Escherichia_coli_180606	iron_acquisition-siderophore_transport__Sid_YqjH_NADPH-dep_ferric_chelate_reductase_enterobactin_Q46871_Escherichia_coli_180606
iron_acquisition-siderophore_transport__put_B4EXX6_V2	iron_acquisition-siderophore_transport__put_B4EXX6_V2
iron_acquisition-siderophore_transport__put_B4EXY3_V2	iron_acquisition-siderophore_transport__put_B4EXY3_V2
iron_acquisition-siderophore_transport__put_FcuA_V3_corr	iron_acquisition-siderophore_transport__put_FcuA_V3_corr
iron_acquisition-siderophore_transport__put_FhuA_V3_corr	iron_acquisition-siderophore_transport__put_FhuA_V3_corr
iron_acquisition-siderophore_transport__put_FhuA_V3_corr	iron_acquisition-siderophore_synthesis__PRK10044.1
iron_acquisition-siderophore_transport__put_FhuE_V2_corr	iron_acquisition-siderophore_transport__put_FhuE_V2_corr
iron_acquisition-siderophore_transport__put_FiuA_V3_corr	iron_acquisition-siderophore_transport__put_FiuA_V3_corr
iron_acquisition-siderophore_transport_potential__HasB-TonB_paralog_heme_uptake-rep	iron_acquisition-siderophore_transport_potential__HasB-TonB_paralog_heme_uptake-rep
iron_acquisition-siderophore_transport_potential__PF01618-MotA_TolQ_ExbB_proton_channel_family	iron_acquisition-siderophore_transport_potential__PF01618-MotA_TolQ_ExbB_proton_channel_family
iron_acquisition-siderophore_transport_potential__PF02472-ExbD	iron_acquisition-siderophore_transport_potential__PF02472-ExbD
iron_acquisition-siderophore_transport_potential__PF03544_TonB_C	iron_acquisition-siderophore_transport_potential__PF03544_TonB_C
iron_acquisition-siderophore_transport_potential__PF13103_TonB_2	iron_acquisition-siderophore_transport_potential__PF13103_TonB_2
iron_acquisition-siderophore_transport_potential__PF16031_TonB_N	iron_acquisition-siderophore_transport_potential__PF16031_TonB_N
iron_gene_regulation__PF01325-Iron_dependent_repressor-dtxR_family_N	iron_gene_regulation__PF01325-Iron_dependent_repressor-dtxR_family_N
iron_gene_regulation__PF01475-Iron_dependent_repressor-fur_family	iron_gene_regulation__PF01475-Iron_dependent_repressor-fur_family
iron_gene_regulation__PF02742-Iron_dependent_repressor-dtxR_family_metal_binding_domain	iron_gene_regulation__PF02742-Iron_dependent_repressor-dtxR_family_metal_binding_domain
iron_gene_regulation__PF04773_FecR	iron_gene_regulation__PF04773_FecR
iron_gene_regulation__PF09012_sub-FeoC_like_transcriptional_regulator	iron_gene_regulation__PF09012_sub-FeoC_like_transcriptional_regulator
iron_gene_regulation__Sid_FpvI_regulator_PA2387_Paeruginosa_PAO1_180620	iron_gene_regulation__Sid_FpvI_regulator_PA2387_Paeruginosa_PAO1_180620
iron_gene_regulation__Sid_FpvI_regulator_PA2387_Paeruginosa_PAO1_180620	iron_acquisition-siderophore_transport__Sid_FpvH_iron_release_PA2404_Paeruginosa_PAO1_180602
iron_gene_regulation__Sid_PchR_pyochelin_regulator_Pseudomonas_aeruginosa_PA4227_180623	iron_gene_regulation__Sid_PchR_pyochelin_regulator_Pseudomonas_aeruginosa_PA4227_180623
iron_gene_regulation__Sid_PvdS_regulator_Paeruginosa_PA2426_180620	iron_gene_regulation__Sid_PvdS_regulator_Paeruginosa_PA2426_180620
iron_gene_regulation__Sid_YqjI_regulator_for_YqjH_P64588_Escherichia_coli_180606	iron_gene_regulation__Sid_YqjI_regulator_for_YqjH_P64588_Escherichia_coli_180606
iron_oxidation__Cyc1	iron_oxidation__Cyc1
iron_oxidation__Cyc2_repCluster1	iron_oxidation__Cyc2_repCluster1
iron_oxidation__Cyc2_repCluster2	iron_oxidation__Cyc2_repCluster2
iron_oxidation__Cyc2_repCluster3	iron_oxidation__Cyc2_repCluster3
iron_oxidation__FoxA	iron_oxidation__FoxA
iron_oxidation__FoxB	iron_oxidation__FoxB
iron_oxidation__FoxC	iron_oxidation__FoxC
iron_oxidation__FoxE	iron_oxidation__FoxE
iron_oxidation__FoxY	iron_oxidation__FoxY
iron_oxidation__FoxZ	iron_oxidation__FoxZ
metal_resistance-copper__Cu_transport_ATPase_7	metal_resistance-copper__Cu_transport_ATPase_7
metal_resistance-copper__Cu_transport_ATPase_8	metal_resistance-copper__Cu_transport_ATPase_8
metal_resistance-copper__Cu_transport_ATPase_9	metal_resistance-copper__Cu_transport_ATPase_9
metal_resistance-copper__Cu_transport_mctB_1	metal_resistance-copper__Cu_transport_mctB_1
metal_resistance-copper__Cu_transport_ycnJ_1	metal_resistance-copper__Cu_transport_ycnJ_1
metal_resistance-magnesium__Mg_transport_ATPase_1	metal_resistance-magnesium__Mg_transport_ATPase_1
metal_resistance-magnesium__Mg_transport_corA_1	metal_resistance-magnesium__Mg_transport_corA_1
metal_resistance-manganese__Mn_binding_mntA_1	metal_resistance-manganese__Mn_binding_mntA_1
metal_resistance-manganese__Mn_transport_ATPase_1	metal_resistance-manganese__Mn_transport_ATPase_1
metal_resistance-mercury__Hg_reductase_1	metal_resistance-mercury__Hg_reductase_1
metal_resistance-mercury__Hg_transport_1	metal_resistance-mercury__Hg_transport_1
metal_resistance-mercury__Hg_transport_merT_4	metal_resistance-mercury__Hg_transport_merT_4
metal_resistance-mercury__Hg_transport_periplasmic_2	metal_resistance-mercury__Hg_transport_periplasmic_2
metal_resistance-molybdenum__Mo_binding_modA_1	metal_resistance-molybdenum__Mo_binding_modA_1
metal_resistance-multimetal__CdCoZn_ATPase_3	metal_resistance-multimetal__CdCoZn_ATPase_3
metal_resistance-multimetal__CdCoZn_antiport_2	metal_resistance-multimetal__CdCoZn_antiport_2
metal_resistance-multimetal__CdCoZn_efflux_czcA_1	metal_resistance-multimetal__CdCoZn_efflux_czcA_1
metal_resistance-multimetal__CdCoZn_efflux_czcA_1	metal_resistance-multimetal__CdCoZn_efflux_czcA_5
metal_resistance-multimetal__CdCoZn_efflux_czcB_1	metal_resistance-multimetal__CdCoZn_efflux_czcB_1
metal_resistance-multimetal__CdCoZn_efflux_czcB_2	metal_resistance-multimetal__CdCoZn_efflux_czcB_2
metal_resistance-multimetal__CdCoZn_efflux_czcC_1	metal_resistance-multimetal__CdCoZn_efflux_czcC_1
metal_resistance-multimetal__CdCoZn_efflux_czcD_1	metal_resistance-multimetal__CdCoZn_efflux_czcD_1
metal_resistance-multimetal__CoMg_protein_apaG_1	metal_resistance-multimetal__CoMg_protein_apaG_1
metal_resistance-multimetal__CuAg_cusA_1	metal_resistance-multimetal__CuAg_cusA_1
metal_resistance-multimetal__CuAg_cusA_1	metal_resistance-silver__Ag_efflux_silA_1
metal_resistance-multimetal__CuAg_cusB_1	metal_resistance-multimetal__CuAg_cusB_1
metal_resistance-multimetal__CuAg_cusC_1	metal_resistance-multimetal__CuAg_cusC_1
metal_resistance-multimetal__CuAg_cusC_1	metal_resistance-silver__Ag_lipoprotein_silC_1
metal_resistance-multimetal__CuAg_cusF_1	metal_resistance-multimetal__CuAg_cusF_1
metal_resistance-multimetal__CuNi_ATPase_1	metal_resistance-multimetal__CuNi_ATPase_1
metal_resistance-multimetal__MgCo_corC_1	metal_resistance-multimetal__MgCo_corC_1
metal_resistance-multimetal__NiCoCd_resistance_nccA_1	metal_resistance-multimetal__NiCoCd_resistance_nccA_1
metal_resistance-multimetal__NiCoCd_resistance_nccB_1	metal_resistance-multimetal__NiCoCd_resistance_nccB_1
metal_resistance-multimetal__NiCo_efflux_1	metal_resistance-multimetal__NiCo_efflux_1
metal_resistance-multimetal__NiCo_efflux_rcnA_3	metal_resistance-multimetal__NiCo_efflux_rcnA_3
metal_resistance-multimetal__NiCo_resistance_cnrA_1	metal_resistance-multimetal__NiCo_resistance_cnrA_1
metal_resistance-multimetal__NiCo_resistance_cnrC_3	metal_resistance-multimetal__NiCo_resistance_cnrC_3
metal_resistance-multimetal__ZnCdPb_ATPase_2	metal_resistance-multimetal__ZnCdPb_ATPase_2
metal_resistance-nickel__Ni_Import_nikE_1	metal_resistance-nickel__Ni_Import_nikE_1
metal_resistance-nickel__Ni_import_nikD_1	metal_resistance-nickel__Ni_import_nikD_1
metal_resistance-nickel__Ni_periplasmic_1	metal_resistance-nickel__Ni_periplasmic_1
metal_resistance-nickel__Ni_permease_nikB_1	metal_resistance-nickel__Ni_permease_nikB_1
metal_resistance-nickel__Ni_permease_nikC_1	metal_resistance-nickel__Ni_permease_nikC_1
metal_resistance-nickel__Ni_protein_hupE_2	metal_resistance-nickel__Ni_protein_hupE_2
metal_resistance-nickel__Ni_transport_nixA_1	metal_resistance-nickel__Ni_transport_nixA_1
metal_resistance-non-specific__Cation_ATPase_1	metal_resistance-non-specific__Cation_ATPase_1
metal_resistance-non-specific__Cation_efflux_fieF_1	metal_resistance-non-specific__Cation_efflux_fieF_1
metal_resistance-non-specific__Cation_symport_actP_1	metal_resistance-non-specific__Cation_symport_actP_1
metal_resistance-non-specific__Cation_tolerance_cutA_2	metal_resistance-non-specific__Cation_tolerance_cutA_2
metal_resistance-non-specific__Cation_transport_mntH_2	metal_resistance-non-specific__Cation_transport_mntH_2
metal_resistance-non-specific__FMN_reductase_arsH_2	metal_resistance-non-specific__FMN_reductase_arsH_2
metal_resistance-non-specific__Metal_binding_zinT_1	metal_resistance-non-specific__Metal_binding_zinT_1
metal_resistance-non-specific__Multidrug_efflux_yfmO_2	metal_resistance-non-specific__Multidrug_efflux_yfmO_2
metal_resistance-non-specific__Multidrug_resistance_mdtA_1	metal_resistance-non-specific__Multidrug_resistance_mdtA_1
metal_resistance-non-specific__Multidrug_resistance_mdtB_1	metal_resistance-non-specific__Multidrug_resistance_mdtB_1
metal_resistance-non-specific__Multidrug_resistance_mdtC_1	metal_resistance-non-specific__Multidrug_resistance_mdtC_1
metal_resistance-non-specific__Quinone_reductase_arsH_1	metal_resistance-non-specific__Quinone_reductase_arsH_1
metal_resistance-silver__Ag_ATPase_1	metal_resistance-silver__Ag_ATPase_1
metal_resistance-silver__Ag_membrane_silB_1	metal_resistance-silver__Ag_membrane_silB_1
metal_resistance-tellurite__Te_protein_klaB_1	metal_resistance-tellurite__Te_protein_klaB_1
metal_resistance-tellurite__Te_resistance_terA_1	metal_resistance-tellurite__Te_resistance_terA_1
metal_resistance-tellurite__Te_resistance_terB_2	metal_resistance-tellurite__Te_resistance_terB_2
metal_resistance-tellurite__Te_resistance_terC_1	metal_resistance-tellurite__Te_resistance_terC_1
metal_resistance-tellurite__Te_resistance_terD_1	metal_resistance-tellurite__Te_resistance_terD_1
metal_resistance-tellurite__Te_resistance_terE_1	metal_resistance-tellurite__Te_resistance_terE_1
metal_resistance-tellurite__Te_resistance_terZ_1	metal_resistance-tellurite__Te_resistance_terZ_1
iron_oxidation__MtoA	iron_oxidation__MtoA
iron_oxidation__MtrB_TIGR03509	iron_oxidation__MtrB_TIGR03509
iron_oxidation__sulfocyanin	iron_oxidation__sulfocyanin
iron_reduction__DFE_0448	iron_reduction__DFE_0448
iron_reduction__DFE_0449	iron_reduction__DFE_0449
iron_reduction__DFE_0450	iron_reduction__DFE_0450
iron_reduction__DFE_0451	iron_reduction__DFE_0451
iron_reduction__DFE_0461	iron_reduction__DFE_0461
iron_reduction__DFE_0462	iron_reduction__DFE_0462
iron_reduction__DFE_0463	iron_reduction__DFE_0463
iron_reduction__DFE_0464	iron_reduction__DFE_0464
iron_reduction__DFE_0465	iron_reduction__DFE_0465
iron_reduction__DmkA	iron_reduction__DmkA
iron_reduction__DmkB	iron_reduction__DmkB
iron_reduction__EetA	iron_reduction__EetA
iron_reduction__EetB	iron_reduction__EetB
iron_reduction__FmnA	iron_reduction__FmnA
iron_reduction__FmnB	iron_reduction__FmnB
iron_reduction__GACE_1845	iron_reduction__GACE_1845
iron_reduction__GACE_1846	iron_reduction__GACE_1846
iron_reduction__MtrA	iron_reduction__MtrA
iron_reduction__MtrC_TIGR03507	iron_reduction__MtrC_TIGR03507
iron_reduction__Ndh2	iron_reduction__Ndh2
iron_reduction__OmcF	iron_reduction__OmcF
iron_reduction__OmcS	iron_reduction__OmcS
iron_reduction__OmcZ	iron_reduction__OmcZ
iron_reduction__PplA	iron_reduction__PplA
iron_reduction__t4ap	iron_reduction__t4ap
iron_resistance__Fe_ferripyoverdine_receptor_1	iron_resistance__Fe_ferripyoverdine_receptor_1
iron_resistance__Fe_periplasmic_1	iron_resistance__Fe_periplasmic_1
iron_resistance__Fe_permease_efeU_1	iron_resistance__Fe_permease_efeU_1
iron_resistance__Fe_pyochelin_1	iron_resistance__Fe_pyochelin_1
iron_resistance__Fe_transport_1	iron_resistance__Fe_transport_1
iron_resistance__Fe_transport_1	iron_acquisition-iron_transport__Iron_uptake_YfeB_Chelated_iron_transport_system_membrane_protein_Q56953_Yersinia_pestis_180610
iron_resistance__Fe_transport_2	iron_resistance__Fe_transport_2
iron_resistance__Fe_transport_3	iron_resistance__Fe_transport_3
iron_resistance__Fe_transport_fbpB_1	iron_resistance__Fe_transport_fbpB_1
iron_resistance__Fe_transport_fbpC_1	iron_resistance__Fe_transport_fbpC_1
iron_resistance__Fe_transport_fecD_1	iron_resistance__Fe_transport_fecD_1
iron_resistance__Fe_transport_fecE_1	iron_resistance__Fe_transport_fecE_1
iron_storage__PF00210-Ferritin_like_domain	iron_storage__PF00210-Ferritin_like_domain
iron_storage__PF13668_Ferritin_like_domain	iron_storage__PF13668_Ferritin_like_domain
iron_storage__Transferrin_TbpB_binding_protein_Haemophilus_influenzae_P44971	iron_storage__Transferrin_TbpB_binding_protein_Haemophilus_influenzae_P44971
magnetosome_formation__MamA	magnetosome_formation__MamA
magnetosome_formation__MamB	magnetosome_formation__MamB
magnetosome_formation__MamE	magnetosome_formation__MamE
magnetosome_formation__MamI	magnetosome_formation__MamI
magnetosome_formation__MamK	magnetosome_formation__MamK
magnetosome_formation__MamL	magnetosome_formation__MamL
magnetosome_formation__MamM	magnetosome_formation__MamM
magnetosome_formation__MamO	magnetosome_formation__MamO
magnetosome_formation__MamP	magnetosome_formation__MamP
magnetosome_formation__MamQ	magnetosome_formation__MamQ
metal_resistance-arsenic__As_glutaredoxin_1	metal_resistance-arsenic__As_glutaredoxin_1
metal_resistance-arsenic__As_lyase_1	metal_resistance-arsenic__As_lyase_1
metal_resistance-arsenic__As_methyltransferase_2	metal_resistance-arsenic__As_methyltransferase_2
metal_resistance-arsenic__As_oxidase_aioA_3	metal_resistance-arsenic__As_oxidase_aioA_3
metal_resistance-arsenic__As_oxidase_aioB_2	metal_resistance-arsenic__As_oxidase_aioB_2
metal_resistance-arsenic__As_pump_1	metal_resistance-arsenic__As_pump_1
metal_resistance-arsenic__As_pump_5	metal_resistance-arsenic__As_pump_5
metal_resistance-arsenic__As_reductase_2	metal_resistance-arsenic__As_reductase_2
metal_resistance-arsenic__As_reductase_5	metal_resistance-arsenic__As_reductase_5
metal_resistance-arsenic__As_res_Acr3_1	metal_resistance-arsenic__As_res_Acr3_1
metal_resistance-arsenic__As_res_arsB_1	metal_resistance-arsenic__As_res_arsB_1
metal_resistance-chromium__Cr_transport_1	metal_resistance-chromium__Cr_transport_1
metal_resistance-chromium__Cr_transport_2	metal_resistance-chromium__Cr_transport_2
metal_resistance-cobalt_zinc_cadmium__Cd_ATPase_1	metal_resistance-cobalt_zinc_cadmium__Cd_ATPase_1
metal_resistance-cobalt_zinc_cadmium__Cd_protein_ygiW_1	metal_resistance-cobalt_zinc_cadmium__Cd_protein_ygiW_1
metal_resistance-cobalt_zinc_cadmium__Co_transport_nhlF_1	metal_resistance-cobalt_zinc_cadmium__Co_transport_nhlF_1
metal_resistance-cobalt_zinc_cadmium__Zn_binding_troA_1	metal_resistance-cobalt_zinc_cadmium__Zn_binding_troA_1
metal_resistance-cobalt_zinc_cadmium__Zn_import_znuC_1	metal_resistance-cobalt_zinc_cadmium__Zn_import_znuC_1
metal_resistance-cobalt_zinc_cadmium__Zn_transport_gufA_1	metal_resistance-cobalt_zinc_cadmium__Zn_transport_gufA_1
metal_resistance-cobalt_zinc_cadmium__Zn_transport_troB_1	metal_resistance-cobalt_zinc_cadmium__Zn_transport_troB_1
metal_resistance-cobalt_zinc_cadmium__Zn_transport_troC_1	metal_resistance-cobalt_zinc_cadmium__Zn_transport_troC_1
metal_resistance-cobalt_zinc_cadmium__Zn_transport_troD_1	metal_resistance-cobalt_zinc_cadmium__Zn_transport_troD_1
metal_resistance-cobalt_zinc_cadmium__Zn_transport_zitB_1	metal_resistance-cobalt_zinc_cadmium__Zn_transport_zitB_1
metal_resistance-cobalt_zinc_cadmium__Zn_transport_zupT_1	metal_resistance-cobalt_zinc_cadmium__Zn_transport_zupT_1
metal_resistance-cobalt_zinc_cadmium__Zn_uptake_znuA_1	metal_resistance-cobalt_zinc_cadmium__Zn_uptake_znuA_1
metal_resistance-cobalt_zinc_cadmium__Zn_uptake_znuB_1	metal_resistance-cobalt_zinc_cadmium__Zn_uptake_znuB_1
metal_resistance-cobalt_zinc_cadmium__Zn_uptake_znuC_1	metal_resistance-cobalt_zinc_cadmium__Zn_uptake_znuC_1
metal_resistance-copper__Cu_ATPase_1	metal_resistance-copper__Cu_ATPase_1
metal_resistance-copper__Cu_ATPase_2	metal_resistance-copper__Cu_ATPase_2
metal_resistance-copper__Cu_ATPase_4	metal_resistance-copper__Cu_ATPase_4
metal_resistance-copper__Cu_ATPase_5	metal_resistance-copper__Cu_ATPase_5
metal_resistance-copper__Cu_ATPase_pacS_2	metal_resistance-copper__Cu_ATPase_pacS_2
metal_resistance-copper__Cu_COP_associated_2	metal_resistance-copper__Cu_COP_associated_2
metal_resistance-copper__Cu_PF03932_cutC_1	metal_resistance-copper__Cu_PF03932_cutC_1
metal_resistance-copper__Cu_binding_pcoE_1	metal_resistance-copper__Cu_binding_pcoE_1
metal_resistance-copper__Cu_chaperone_copZ_1	metal_resistance-copper__Cu_chaperone_copZ_1
metal_resistance-copper__Cu_oxidase_cueO_1	metal_resistance-copper__Cu_oxidase_cueO_1
metal_resistance-copper__Cu_oxidase_mco_1	metal_resistance-copper__Cu_oxidase_mco_1
metal_resistance-copper__Cu_oxidase_mmcO_1	metal_resistance-copper__Cu_oxidase_mmcO_1
metal_resistance-copper__Cu_resistance_A_4	metal_resistance-copper__Cu_resistance_A_4
metal_resistance-copper__Cu_resistance_B_1	metal_resistance-copper__Cu_resistance_B_1
metal_resistance-copper__Cu_resistance_C_2	metal_resistance-copper__Cu_resistance_C_2
metal_resistance-copper__Cu_resistance_D_1	metal_resistance-copper__Cu_resistance_D_1
metal_resistance-copper__Cu_resistance_K_1	metal_resistance-copper__Cu_resistance_K_1
metal_resistance-copper__Cu_transport_ATPase_10	metal_resistance-copper__Cu_transport_ATPase_10
metal_resistance-copper__Cu_transport_ATPase_2	metal_resistance-copper__Cu_transport_ATPase_2
metal_resistance-copper__Cu_transport_ATPase_5	metal_resistance-copper__Cu_transport_ATPase_5
