All_seq_Fusarinine-consensus	All_seq_Fusarinine-consensus
All_seq_putSID2-consensus	All_seq_putSID2-consensus
AsbE_petrobactin_synthesis-rep-consensus	AsbE_petrobactin_synthesis-rep-consensus
DhbA-VibA-VabA-EntA-consensus	DhbA-VibA-VabA-EntA-consensus
DhbB-EntB-VenB-VibB-VabB-consensus	DhbB-EntB-VenB-VibB-VabB-consensus
DhbB-EntB-VenB-VibB-VabB-consensus	K01252-consensus
DhbC-VibC-VabC-consensus	DhbC-VibC-VabC-consensus
DhbE-PchD-VibE-VabE-EntE-IroD-PvdQ-MbtA-consensus	DhbE-PchD-VibE-VabE-EntE-IroD-PvdQ-MbtA-consensus
DhbF-PvdDIJL-VabF-consensus	DhbF-PvdDIJL-VabF-consensus
Fer3_USTMA_V2-consensus	Fer3_USTMA_V2-consensus
IroD-VabH-enterochelin_esterase-rep-consensus	IroD-VabH-enterochelin_esterase-rep-consensus
K00216-consensus	K00216-consensus
K00824-consensus	K00824-consensus
K01582-consensus	K01582-consensus
K01780-consensus	K01780-consensus
K01851-consensus	K01851-consensus
K01909-consensus	K01909-consensus
K04759-consensus	K04759-consensus
K04788-consensus	K04788-consensus
K04789-consensus	K04789-consensus
K04790-consensus	K04790-consensus
K04790-consensus	Sid_MbtC_Mycobactin_biosynthesis_Mycobacterium_tuberculosis_NP_216898.1-consensus
K04791-consensus	K04791-consensus
K04792-consensus	K04792-consensus
K05375-consensus	K05375-consensus
K07116-consensus	K07116-consensus
K07224-consensus	K07224-consensus
K07230-consensus	K07230-consensus
K10531-consensus	K10531-consensus
K11604-consensus	K11604-consensus
K12237-consensus	K12237-consensus
K12238-consensus	K12238-consensus
K12239-consensus	K12239-consensus
K12240-consensus	K12240-consensus
K12241-consensus	K12241-consensus
K12346-consensus	K12346-consensus
K13745-consensus	K13745-consensus
K14759-consensus	K14759-consensus
K15584-consensus	K15584-consensus
K15652-consensus	K15652-consensus
K15653-consensus	K15653-consensus
K15681-consensus	K15681-consensus
K15721-consensus	K15721-consensus
K16088-consensus	K16088-consensus
K16089-consensus	K16089-consensus
K16090-consensus	K16090-consensus
K16091-consensus	K16091-consensus
K19611-consensus	K19611-consensus
K19791-consensus	K19791-consensus
K19792-consensus	K19792-consensus
K21721-consensus	K21721-consensus
K21949-consensus	K21949-consensus
K21992-consensus	K21992-consensus
K22148-consensus	K22148-consensus
K22149-consensus	K22149-consensus
K22150-consensus	K22150-consensus
K22151-consensus	K22151-consensus
K22152-consensus	K22152-consensus
K22153-consensus	K22153-consensus
K22153-consensus	put_TAFC_VF-consensus
K23120-consensus	K23120-consensus
K23122-consensus	K23122-consensus
K23181-consensus	K23181-consensus
K23185-consensus	K23185-consensus
K23227-consensus	K23227-consensus
K23371-consensus	K23371-consensus
K23372-consensus	K23372-consensus
K23373-consensus	K23373-consensus
K23374-consensus	K23374-consensus
K23375-consensus	K23375-consensus
K23376-consensus	K23376-consensus
K23446-consensus	K23446-consensus
K23447-consensus	K23447-consensus
K23725-consensus	K23725-consensus
K24101-consensus	K24101-consensus
K24108-consensus	K24108-consensus
K24109-consensus	K24109-consensus
K24110-consensus	K24110-consensus
K24111-consensus	K24111-consensus
K24112-consensus	K24112-consensus
K25109-consensus	K25109-consensus
K25113-consensus	K25113-consensus
K25282-consensus	K25282-consensus
K25286-consensus	K25286-consensus
K25287-consensus	K25287-consensus
K25308-consensus	K25308-consensus
ac_ACP_DH_MbtN-consensus	ac_ACP_DH_MbtN-consensus
ac_ACP_DH_MbtN-consensus	K00257-consensus
PF04183-IucA_IucC-rhbCF-AcsD-PvsD-consensus	PF04183-IucA_IucC-rhbCF-AcsD-PvsD-consensus
MHB-consensus	MHB-consensus
PRK10003.1-consensus	PRK10003.1-consensus
PRK10044.1-consensus	PRK10044.1-consensus
Put_copfam2_VF_corr-consensus	Put_copfam2_VF_corr-consensus
Put_copfam3_VF_corr-consensus	Put_copfam3_VF_corr-consensus
Put_copfam4_VF_corr-consensus	Put_copfam4_VF_corr-consensus
Put_rhizoferrin_VF_corr-consensus	Put_rhizoferrin_VF_corr-consensus
PvdDIJL-VabF-VibF-EntF-DhbF-MbtB-PchE-consensus	PvdDIJL-VabF-VibF-EntF-DhbF-MbtB-PchE-consensus
PvdDIJL-VabF-VibF-EntF-DhbF-MbtBEF-PchE-AngR-PchF-consensus	PvdDIJL-VabF-VibF-EntF-DhbF-MbtBEF-PchE-AngR-PchF-consensus
PvdQ_pyoverdine_biosynthesis-rep-consensus	PvdQ_pyoverdine_biosynthesis-rep-consensus
PvsA_vibrioferrin_biosynthesis-rep-consensus	PvsA_vibrioferrin_biosynthesis-rep-consensus
PvsB-AcsD-IucA-IucC-RhbCF-PvsD-consensus	PvsB-AcsD-IucA-IucC-RhbCF-PvsD-consensus
PvsC_vibrioferrin_biosynthesis-rep-consensus	PvsC_vibrioferrin_biosynthesis-rep-consensus
PvsD-AcsD-IucA-IucC-RhbCF-PvsB-consensus	PvsD-AcsD-IucA-IucC-RhbCF-PvsB-consensus
PvsE-AcsE_vibrioferrin_biosynthesis-rep-consensus	PvsE-AcsE_vibrioferrin_biosynthesis-rep-consensus
Q52US9_FSO1_V2-consensus	Q52US9_FSO1_V2-consensus
Sid_AcsB_Achromobactin_siderophore_synthesis_Dickeya_chrysanthemi_AAL14564.1-consensus	Sid_AcsB_Achromobactin_siderophore_synthesis_Dickeya_chrysanthemi_AAL14564.1-consensus
Sid_AcsF_Achromobactin_siderophore_synthesis_Pseudomonas_syringae_EPF66771.1-consensus	Sid_AcsF_Achromobactin_siderophore_synthesis_Pseudomonas_syringae_EPF66771.1-consensus
Sid_AsbC_Petrobactin_biosynthesis_Bacillus_anthracis_Q81RQ7_180623-consensus	Sid_AsbC_Petrobactin_biosynthesis_Bacillus_anthracis_Q81RQ7_180623-consensus
Sid_AsbD_Petrobactin_biosynthesis_Bacillus_anthracis_Q81RQ6_180623-consensus	Sid_AsbD_Petrobactin_biosynthesis_Bacillus_anthracis_Q81RQ6_180623-consensus
Sid_AsbF_Petrobactin_biosynthesis_Bacillus_anthracis_Q81RQ4_180606-consensus	Sid_AsbF_Petrobactin_biosynthesis_Bacillus_anthracis_Q81RQ4_180606-consensus
Sid_BesA_Bacillibactin_hydrolyze_Bsubtilis_YP_003867459.1_180603-consensus	Sid_BesA_Bacillibactin_hydrolyze_Bsubtilis_YP_003867459.1_180603-consensus
Sid_EntD_enterobactin_synthesis_Ecoli-consensus	Sid_EntD_enterobactin_synthesis_Ecoli-consensus
Sid_IucB_Escherichia_coli_Q47317-consensus	Sid_IucB_Escherichia_coli_Q47317-consensus
Sid_IucD_Escherichia_coli_P11295-consensus	Sid_IucD_Escherichia_coli_P11295-consensus
Sid_MbtD_Mycobactin_biosynthesis_Mycobacterium_tuberculosis_NP_216897.1-consensus	Sid_MbtD_Mycobactin_biosynthesis_Mycobacterium_tuberculosis_NP_216897.1-consensus
Sid_MbtG_Mycobactin_biosynthesis_Mycobacterium_tuberculosis_NP_216894.1-consensus	Sid_MbtG_Mycobactin_biosynthesis_Mycobacterium_tuberculosis_NP_216894.1-consensus
Sid_MbtG_Mycobactin_biosynthesis_Mycobacterium_tuberculosis_NP_216894.1-consensus	K04793-consensus
Sid_MbtH_Mycobactin_biosynthesis_Mycobacterium_tuberculosis_NP_216893.1-consensus	Sid_MbtH_Mycobactin_biosynthesis_Mycobacterium_tuberculosis_NP_216893.1-consensus
Sid_MbtI_Mycobactin_biosynthesis_Mycobacterium_tuberculosis_NC_000962.3-consensus	Sid_MbtI_Mycobactin_biosynthesis_Mycobacterium_tuberculosis_NC_000962.3-consensus
Sid_MbtJ_Mycobactin_biosynthesis_Mycobacterium_tuberculosis_YP_177876.1-consensus	Sid_MbtJ_Mycobactin_biosynthesis_Mycobacterium_tuberculosis_YP_177876.1-consensus
Sid_PchB_pyochelin_biosynthesis_Pseudomonas_aeruginosa_Q51507-consensus	Sid_PchB_pyochelin_biosynthesis_Pseudomonas_aeruginosa_Q51507-consensus
Sid_PchC_pyochelin_biosynthesis_Pseudomonas_aeruginosa_PA4229-consensus	Sid_PchC_pyochelin_biosynthesis_Pseudomonas_aeruginosa_PA4229-consensus
Sid_PchG_pyochelin_biosynthesis_Pseudomonas_aeruginosa_PA4224_180623-consensus	Sid_PchG_pyochelin_biosynthesis_Pseudomonas_aeruginosa_PA4224_180623-consensus
Sid_PchH_pyochelin_biosynthesis_Pseudomonas_aeruginosa_PA4223_180623-consensus	Sid_PchH_pyochelin_biosynthesis_Pseudomonas_aeruginosa_PA4223_180623-consensus
Sid_PchI_pyochelin_biosynthesis_Pseudomonas_aeruginosa_PA4222_180623-consensus	Sid_PchI_pyochelin_biosynthesis_Pseudomonas_aeruginosa_PA4222_180623-consensus
Sid_PvdA_Pyoverdine_biosynthesis-consensus	Sid_PvdA_Pyoverdine_biosynthesis-consensus
Sid_PvdE_Pyoverdine_biosynthesis_Paeruginosa_PA2397_180623-consensus	Sid_PvdE_Pyoverdine_biosynthesis_Paeruginosa_PA2397_180623-consensus
Sid_PvdF_Pyoverdine_biosynthesis_Paeruginosa_PA2396_180623-consensus	Sid_PvdF_Pyoverdine_biosynthesis_Paeruginosa_PA2396_180623-consensus
Sid_PvdH_Pyoverdine_biosynthesis_Pseudomonas_aeruginosa_PA2413_180623-consensus	Sid_PvdH_Pyoverdine_biosynthesis_Pseudomonas_aeruginosa_PA2413_180623-consensus
Sid_PvdM_Pyoverdine_biosynthesis_Pseudomonas_fluorescens_PSF113_1846_180623-consensus	Sid_PvdM_Pyoverdine_biosynthesis_Pseudomonas_fluorescens_PSF113_1846_180623-consensus
Sid_PvdN_Pyoverdine_biosynthesis_Paeruginosa_PA2394_180623-consensus	Sid_PvdN_Pyoverdine_biosynthesis_Paeruginosa_PA2394_180623-consensus
Sid_PvdO_Pyoverdine_biosynthesis_Paeruginosa_PA2395_180623-consensus	Sid_PvdO_Pyoverdine_biosynthesis_Paeruginosa_PA2395_180623-consensus
Sid_PvdP_Pyoverdine_biosynthesis_Paeruginosa_PA2392_180623-consensus	Sid_PvdP_Pyoverdine_biosynthesis_Paeruginosa_PA2392_180623-consensus
Sid_RhbA_Rhizobactin_biosynthesis_Rhizobium_meliloti_Q9Z3R2-consensus	Sid_RhbA_Rhizobactin_biosynthesis_Rhizobium_meliloti_Q9Z3R2-consensus
Sid_RhbB_Rhizobactin_biosynthesis_Rhizobium_meliloti_Q9Z3R1-consensus	Sid_RhbB_Rhizobactin_biosynthesis_Rhizobium_meliloti_Q9Z3R1-consensus
Sid_RhbD_Rhizobactin_biosynthesis_Rhizobium_meliloti_Q9Z3Q9-consensus	Sid_RhbD_Rhizobactin_biosynthesis_Rhizobium_meliloti_Q9Z3Q9-consensus
Sid_RhbE_Rhizobactin_siderophore_biosynthesis_Rhizobium_meliloti_Q9Z3Q8-consensus	Sid_RhbE_Rhizobactin_siderophore_biosynthesis_Rhizobium_meliloti_Q9Z3Q8-consensus
Sid_VabD_Vanchrobactin_Biosynthesis_Vibrio_anguillarum_AAW66006.2_180623-consensus	Sid_VabD_Vanchrobactin_Biosynthesis_Vibrio_anguillarum_AAW66006.2_180623-consensus
Sid_VibD_Vibriobactin_siderophore_biosynthesis_Vibrio_cholerae_AAD48884.1-consensus	Sid_VibD_Vibriobactin_siderophore_biosynthesis_Vibrio_cholerae_AAD48884.1-consensus
Sid_VibH_Vanchrobactin_Biosynthesis_Vibrio_cholerae_AAG00565.1_180623-consensus	Sid_VibH_Vanchrobactin_Biosynthesis_Vibrio_cholerae_AAG00565.1_180623-consensus
VabA-DhbA-EntA-VibA-consensus	VabA-DhbA-EntA-VibA-consensus
VabB-EntB-DhbB-VenB-VibB-consensus	VabB-EntB-DhbB-VenB-VibB-consensus
VabC-DhbC-VibC-EntC-AmoA-PchA-consensus	VabC-DhbC-VibC-EntC-AmoA-PchA-consensus
VabF_Vanchrobactin_biosynthesis-rep-consensus	VabF_Vanchrobactin_biosynthesis-rep-consensus
VabG_Vanchrobactin_biosynthesis-rep-consensus	VabG_Vanchrobactin_biosynthesis-rep-consensus
put_4WR82_SIDC_VF-consensus	put_4WR82_SIDC_VF-consensus
put_B4EUG7_VF-consensus	put_B4EUG7_VF-consensus
put_B4EUH0_VF-consensus	put_B4EUH0_VF-consensus
put_B4EUH1_V2-consensus	put_B4EUH1_V2-consensus
put_B4EUH2_VF-consensus	put_B4EUH2_VF-consensus
put_B4EUH5_V4-consensus	put_B4EUH5_V4-consensus
put_CRL25140_VF-consensus	put_CRL25140_VF-consensus
put_D4AU56_V3_corr-consensus	put_D4AU56_V3_corr-consensus
put_Ferrirhodin_VF-consensus	put_Ferrirhodin_VF-consensus
put_FitA_VF-consensus	put_FitA_VF-consensus
put_I1RN14_NRPS2_VF-consensus	put_I1RN14_NRPS2_VF-consensus
put_NRPS1_VF_corr-consensus	put_NRPS1_VF_corr-consensus
put_Q5D6D7_NRPS2_VF-consensus	put_Q5D6D7_NRPS2_VF-consensus
put_Q6CSN0_VF-consensus	put_Q6CSN0_VF-consensus
put_SidA1_V1-consensus	put_SidA1_V1-consensus
put_WP_010220689_VF-consensus	put_WP_010220689_VF-consensus
put_WP_010220690_VF-consensus	put_WP_010220690_VF-consensus
put_WP_010220691_VF-consensus	put_WP_010220691_VF-consensus
put_rumB_VF-consensus	put_rumB_VF-consensus
